Code,Name,Uom,Type
1000010010,IB TEX 220,M,RawMaterial
182485422XL-1,182485422XL-1,M,FinishedGood
182485422XL-2,182485422XL-2,M,FinishedGood
182485422XL-3,182485422XL-3,M,FinishedGood
182485423XL-2,182485423XL-2,M,FinishedGood
182485423XL-3,182485423XL-3,M,FinishedGood
182485423XL-4,182485423XL-4,M,FinishedGood
182485424XL-2,182485424XL-2,M,FinishedGood
182485424XL-3,182485424XL-3,M,FinishedGood
182485424XL-4,182485424XL-4,M,FinishedGood
18248542L-1,18248542L-1,M,FinishedGood
18248542L-2,18248542L-2,M,FinishedGood
18248542L-3,18248542L-3,M,FinishedGood
18248542M-1,18248542M-1,M,FinishedGood
18248542M-2,18248542M-2,M,FinishedGood
18248542M-3,18248542M-3,M,FinishedGood
18248542S-0,18248542S-0,M,FinishedGood
18248542S-1,18248542S-1,M,FinishedGood
18248542S-2,18248542S-2,M,FinishedGood
18248542XL-2,18248542XL-2,M,FinishedGood
18248542XL-3,18248542XL-3,M,FinishedGood
18248542XL-4,18248542XL-4,M,FinishedGood
18248542XS-0,18248542XS-0,M,FinishedGood
18248542XS-1,18248542XS-1,M,FinishedGood
182505422XL-1,182505422XL-1,M,FinishedGood
182505422XL-2,182505422XL-2,M,FinishedGood
182505422XL-3,182505422XL-3,M,FinishedGood
182505423XL-2,182505423XL-2,M,FinishedGood
182505423XL-3,182505423XL-3,M,FinishedGood
182505423XL-4,182505423XL-4,M,FinishedGood
182505424XL-2,182505424XL-2,M,FinishedGood
182505424XL-3,182505424XL-3,M,FinishedGood
182505424XL-4,182505424XL-4,M,FinishedGood
18250542L-1,18250542L-1,M,FinishedGood
18250542L-2,18250542L-2,M,FinishedGood
18250542L-3,18250542L-3,M,FinishedGood
18250542M-1,18250542M-1,M,FinishedGood
18250542M-2,18250542M-2,M,FinishedGood
18250542M-3,18250542M-3,M,FinishedGood
18250542S-0,18250542S-0,M,FinishedGood
18250542S-1,18250542S-1,M,FinishedGood
18250542S-2,18250542S-2,M,FinishedGood
18250542XL-2,18250542XL-2,M,FinishedGood
18250542XL-3,18250542XL-3,M,FinishedGood
18250542XL-4,18250542XL-4,M,FinishedGood
18250542XS-0,18250542XS-0,M,FinishedGood
18250542XS-1,18250542XS-1,M,FinishedGood
1000010151,IB TEX 220,M,RawMaterial
153925262XL-3,153925262XL-3,M,FinishedGood
15392526L-1,15392526L-1,M,FinishedGood
15392526L-2,15392526L-2,M,FinishedGood
15392526L-3,15392526L-3,M,FinishedGood
15392526L-4,15392526L-4,M,FinishedGood
15392526M-0,15392526M-0,M,FinishedGood
15392526M-1,15392526M-1,M,FinishedGood
15392526M-2,15392526M-2,M,FinishedGood
15392526M-3,15392526M-3,M,FinishedGood
15392526S-2,15392526S-2,M,FinishedGood
15392526S-4,15392526S-4,M,FinishedGood
15392526S-5,15392526S-5,M,FinishedGood
15392526XL-2,15392526XL-2,M,FinishedGood
15392526XL-3,15392526XL-3,M,FinishedGood
15392526XL-4,15392526XL-4,M,FinishedGood
182485952XL-1,182485952XL-1,M,FinishedGood
182485952XL-2,182485952XL-2,M,FinishedGood
182485952XL-3,182485952XL-3,M,FinishedGood
182485953XL-2,182485953XL-2,M,FinishedGood
182485953XL-3,182485953XL-3,M,FinishedGood
182485953XL-4,182485953XL-4,M,FinishedGood
182485954XL-2,182485954XL-2,M,FinishedGood
182485954XL-3,182485954XL-3,M,FinishedGood
182485954XL-4,182485954XL-4,M,FinishedGood
18248595L-1,18248595L-1,M,FinishedGood
18248595L-2,18248595L-2,M,FinishedGood
18248595L-3,18248595L-3,M,FinishedGood
18248595M-1,18248595M-1,M,FinishedGood
18248595M-2,18248595M-2,M,FinishedGood
18248595M-3,18248595M-3,M,FinishedGood
18248595S-0,18248595S-0,M,FinishedGood
18248595S-1,18248595S-1,M,FinishedGood
18248595S-2,18248595S-2,M,FinishedGood
18248595XL-2,18248595XL-2,M,FinishedGood
18248595XL-3,18248595XL-3,M,FinishedGood
18248595XL-4,18248595XL-4,M,FinishedGood
18248595XS-0,18248595XS-0,M,FinishedGood
18248595XS-1,18248595XS-1,M,FinishedGood
182505952XL-1,182505952XL-1,M,FinishedGood
182505952XL-2,182505952XL-2,M,FinishedGood
182505952XL-3,182505952XL-3,M,FinishedGood
182505953XL-2,182505953XL-2,M,FinishedGood
182505953XL-3,182505953XL-3,M,FinishedGood
182505953XL-4,182505953XL-4,M,FinishedGood
182505954XL-2,182505954XL-2,M,FinishedGood
182505954XL-3,182505954XL-3,M,FinishedGood
182505954XL-4,182505954XL-4,M,FinishedGood
18250595L-1,18250595L-1,M,FinishedGood
18250595L-2,18250595L-2,M,FinishedGood
18250595L-3,18250595L-3,M,FinishedGood
18250595M-1,18250595M-1,M,FinishedGood
18250595M-2,18250595M-2,M,FinishedGood
18250595M-3,18250595M-3,M,FinishedGood
18250595S-0,18250595S-0,M,FinishedGood
18250595S-1,18250595S-1,M,FinishedGood
18250595S-2,18250595S-2,M,FinishedGood
18250595XL-2,18250595XL-2,M,FinishedGood
18250595XL-3,18250595XL-3,M,FinishedGood
18250595XL-4,18250595XL-4,M,FinishedGood
18250595XS-0,18250595XS-0,M,FinishedGood
18250595XS-1,18250595XS-1,M,FinishedGood
1000010203,IB TEX 220,M,RawMaterial
158242032XL-1,158242032XL-1,M,FinishedGood
158242032XL-2,158242032XL-2,M,FinishedGood
158242032XL-3,158242032XL-3,M,FinishedGood
158242033XL-3,158242033XL-3,M,FinishedGood
158242033XL-4,158242033XL-4,M,FinishedGood
15824203L-1,15824203L-1,M,FinishedGood
15824203L-3,15824203L-3,M,FinishedGood
15824203L-4,15824203L-4,M,FinishedGood
15824203M-2,15824203M-2,M,FinishedGood
15824203M-3,15824203M-3,M,FinishedGood
15824203M-5,15824203M-5,M,FinishedGood
15824203S-6,15824203S-6,M,FinishedGood
15824203XL-1,15824203XL-1,M,FinishedGood
15824203XL-2,15824203XL-2,M,FinishedGood
15824203XL-3,15824203XL-3,M,FinishedGood
15824203XL-4,15824203XL-4,M,FinishedGood
1000060460,TXA SCHEUERSCHUTZ,M,RawMaterial
13094203M-1,13094203M-1,M,FinishedGood
13094203S-1,13094203S-1,M,FinishedGood
13736203M-1,13736203M-1,M,FinishedGood
1000068203,NXT,M,RawMaterial
1000192203,NOMEX® ELASTIC_300,M,RawMaterial
1500010203,NOMEX VISKOSE 120,M,RawMaterial
25000244525,PE SCHAUM PLATTE,M,RawMaterial
25000314525,PE-SCHAUM PLATTE PERFORIERT,M,RawMaterial
3000010460,NOMEXGEWEBE PU,M,RawMaterial
3000013451,FLAMELINER,M,RawMaterial
3000126451,FLAMELINER PRO CROSSTECH®_170,M,RawMaterial
320001000022,TAPE 2L,M,RawMaterial
3500010004,TNX 115,M,RawMaterial
3500026004,TNX 75,M,RawMaterial
4000010451,CE1036,M,RawMaterial
50000100555,REFLEXGEWEBE 8987,M,RawMaterial
5000038530950,TTF SEGMENTIERT AS,M,RawMaterial
5000038530953,TTF SEGMENTIERT AS,M,RawMaterial
5000038530956,TTF SEGMENTIERT AS,M,RawMaterial
5000049530950,TEXPORT TRIPL FABRIC AS,M,RawMaterial
5000049530956,TEXPORT TRIPL FABRIC AS,M,RawMaterial
5000051401,REFLEXPLOTT,STK,RawMaterial
5600013004,GARN ARAMID 70,M,RawMaterial
5600013010,GARN ARAMID 70,M,RawMaterial
5600013153,GARN ARAMID 70,M,RawMaterial
5600013460,GARN ARAMID 70,M,RawMaterial
600001300425,FLAUSCHBAND FR,M,RawMaterial
600001346020,FLAUSCHBAND FR,M,RawMaterial
600001346025,FLAUSCHBAND FR,M,RawMaterial
600001346038,FLAUSCHBAND FR,M,RawMaterial
600001346050,FLAUSCHBAND FR,M,RawMaterial
600002046020,KLETTBAND FR,M,RawMaterial
600002046025,KLETTBAND FR,M,RawMaterial
600002046038,KLETTBAND FR,M,RawMaterial
600002046050,KLETTBAND FR,M,RawMaterial
650001650015,SPIRAL,STK,RawMaterial
650002050025,SPIRAL GEW,STK,RawMaterial
650002050031,SPIRAL GEW,STK,RawMaterial
650002050047,SPIRAL GEW,STK,RawMaterial
650002050056,SPIRAL GEW,STK,RawMaterial
650002281250,DEKOR PANIK TB,STK,RawMaterial
650002281255,DEKOR PANIK TB,STK,RawMaterial
650002281260,DEKOR PANIK TB,STK,RawMaterial
650002281265,DEKOR PANIK TB,STK,RawMaterial
650002281270,DEKOR PANIK TB,STK,RawMaterial
650009050018,SPIRAL GENÄHT,STK,RawMaterial
700001146040,GURTBAND M ARAMID,M,RawMaterial
700002546040,GURTBAND P ARAMID,M,RawMaterial
700002720365,GERADBAND NOMEX COMFORT,M,RawMaterial
700003046010,RIPSBAND,M,RawMaterial
700003046018,RIPSBAND,M,RawMaterial
700003246028,BAND TXA,M,RawMaterial
700005515120,VERSTÄRKUNGSBAND FR,M,RawMaterial
73000104603,GUMMIKORDEL,M,RawMaterial
7300014460100,GUMMIBAND,M,RawMaterial
730001446015,GUMMIBAND,M,RawMaterial
730001446020,GUMMIBAND,M,RawMaterial
730001446025,GUMMIBAND,M,RawMaterial
730001446050,GUMMIBAND,M,RawMaterial
"750001540812,7",DK KAPPE,STK,RawMaterial
"750001640811,4",DK KUGEL,STK,RawMaterial
"750002040810,5",DK FEDER,STK,RawMaterial
750005046030,RECHTECKRING,STK,RawMaterial
750005046040,RECHTECKRING,STK,RawMaterial
750006850040,ANFASSLASCHE DREIECK,STK,RawMaterial
750006850060,ANFASSLASCHE DREIECK,STK,RawMaterial
750007040139,KARABINERHAKEN,STK,RawMaterial
750007351160,ANFASSLASCHE DREIECK X ROT,STK,RawMaterial
750008040185,KARABINERHAKEN,STK,RawMaterial
75000844058,DK MINI,STK,RawMaterial
750008720418,STRICKBÜNDCHEN,STK,RawMaterial
7500153460,KARABINER KUNSTSTOFF KLEIN,STK,RawMaterial
7500154460,KARABINER KUNSTSTOFF GROß,STK,RawMaterial
88000111530,HOSENTRÄGER COMFORT QUICKLOCK,STK,RawMaterial
88000111531,HOSENTRÄGER COMFORT QUICKLOCK,STK,RawMaterial
88000111532,HOSENTRÄGER COMFORT QUICKLOCK,STK,RawMaterial
88000111533,HOSENTRÄGER COMFORT QUICKLOCK,STK,RawMaterial
88000111534,HOSENTRÄGER COMFORT QUICKLOCK,STK,RawMaterial
88000111535,HOSENTRÄGER COMFORT QUICKLOCK,STK,RawMaterial
88000111536,HOSENTRÄGER COMFORT QUICKLOCK,STK,RawMaterial
88000122032,KP 20/14/1,STK,RawMaterial
88000142031,KP 21/16/1,STK,RawMaterial
88000142032,KP 21/16/1,STK,RawMaterial
8800020151,STRETCH NXT,STK,RawMaterial
88000284525,PE SCHAUM,M,RawMaterial
88000312032XL,SP TX01,STK,RawMaterial
88000312033XL,SP TX01,STK,RawMaterial
88000312034XL,SP TX01,STK,RawMaterial
8800031203L,SP TX01,STK,RawMaterial
8800031203M,SP TX01,STK,RawMaterial
8800031203S,SP TX01,STK,RawMaterial
8800031203XL,SP TX01,STK,RawMaterial
8800031203XS,SP TX01,STK,RawMaterial
8800041532F016,RFID ETIKETT IN TASCHE,STK,RawMaterial
8800044203,LEASINGKOLLER,STK,RawMaterial
88000562033,"EL 16/12/0,5",STK,RawMaterial
8800059460,EINZIEHILFE,STK,RawMaterial
9100603470,"TEXPORT ""X"" EVO",STK,RawMaterial
910060447095,STREIFEN EVO + TE PORT,STK,RawMaterial
910060547040,STREIFEN EVO,STK,RawMaterial
9110004-01080,WERKFEUERWEHR FLACHGLAS,STK,RawMaterial
9200001532F004,WEBETIKETT,STK,RawMaterial
9200002532F002,SILIKONLABEL,STK,RawMaterial
9200002532F003,SILIKONLABEL,STK,RawMaterial
920000553220,NÄHFAHNE GORE,STK,RawMaterial
9200007532F025,ZIPPANFASSER,STK,RawMaterial
9200009532F018,ZIPPER PULLER SILIKON,STK,RawMaterial
920001253218,WEBBAND,M,RawMaterial
9200040532F003,SILIKONLABEL,STK,RawMaterial
9200070532F075,TEXPORT SILIKONLABEL,STK,RawMaterial
9200071532F076,"TEXPORT ""X"" SILIKONETIKETT",STK,RawMaterial
9300001532F036,HANGTAG,STK,RawMaterial
9300002532F036,HANGTAG,STK,RawMaterial
9300016532,VWI ALLGEMEIN,STK,RawMaterial
9400020450F011,ZIEHVERSCHLUSSBEUTEL,STK,RawMaterial
9400020450F012,ZIEHVERSCHLUSSBEUTEL,STK,RawMaterial
940003040045,HEFTFADEN,STK,RawMaterial
750001540812.7,"DK Kappe Set A12,7 Antikkupfer 3tlg.",STK,RawMaterial
750001640811.4,"DK Kugel Set A11,4 Antikkupfer 3tlg.",STK,RawMaterial
750002040810.5,"DK Feder Set A10,5 Antikkupfer 3tlg.",STK,RawMaterial
9110003-00124,"Reflextransfer gelb 5cm, 1- zeilig zentriert, Arial Black VIGILI DEL FUOCO 34cm",STK,RawMaterial
50000144015,Reflexgewebe 8935 5 Silber,M,RawMaterial
1000044010,"PBI® Matrix_205 Gold FC_5, Leinwandbindung",M,RawMaterial
650004750030,"Dekor ntb, 8,5mm, auto.sperr. PES30 Schwarz/Schwarz 1-Weg,",STK,RawMaterial
650004750032,"Dekor ntb, 8,5mm, auto.sperr. PES32 Schwarz/Schwarz 1-Weg,",STK,RawMaterial
9110002-00006," Reflextransfer gelb 4cm, 2- zeilig zentriert Helvetica  FEUERWEHR SONNEBERG (24,68/24,72cm)",STK,RawMaterial
9110004-00026," Reflextransfer gelb 5cm, 2- zeilig zentriert Helvetica  FEUERWEHR ATZLERN 30,9/22,13cm",STK,RawMaterial
9110004-00027," Reflextransfer gelb 5cm, 2- zeilig zentriert Helvetica  FEUERWEHR RITTSTEIG 30,9/24,94cm",STK,RawMaterial
94000404605,"Selbstklebeband ""TEXPORT protecting 5 Schwarz bedruckt ""TEXPORT protecting you"" Druck: TEXPORT Logo",STK,RawMaterial
9400042350K023,Paletten-Einlage Karton 1190x790 Braun unbedruckt,STK,RawMaterial
950000140050,Handstretchfolie 50 Transparent Stärke: 20my,STK,RawMaterial
9400013350K014,Karton 2-wellig700x500x250 Braun einfärbig bedruckt,STK,RawMaterial
