WorkOrder,Product,TargetQty,PlanBeginn,OrderNumber,WeekNumber,Ingredient,Qty,Unit,MRNMK,EFF
PA2602067-0001,182485422XL-1,2,2026-03-06,222-2026/10,12,1000010010,1.57,M,26MKIM10150003D7B3,0.8934
PA2602067-0002,182485422XL-2,2,2026-03-06,222-2026/10,12,1000010010,1.61,M,26MKIM10150003D7B3,0.8934
PA2602067-0003,182485422XL-3,5,2026-03-06,222-2026/10,12,1000010010,4.18,M,26MKIM10150003D7B3,0.8934
PA2602067-0001,182485422XL-1,2,2026-03-06,222-2026/10,12,1000010203,2.99,M,26MKIM10150003D7B3,0.8999
PA2602067-0002,182485422XL-2,2,2026-03-06,222-2026/10,12,1000010203,3.05,M,26MKIM10150003D7B3,0.8999
PA2602067-0003,182485422XL-3,5,2026-03-06,222-2026/10,12,1000010203,7.78,M,26MKIM10150003D7B3,0.8999
PA2602067-0001,182485422XL-1,2,2026-03-06,222-2026/10,12,1000060460,0.23,M,26MKIM10150003D7B3,0.9339
PA2602067-0002,182485422XL-2,2,2026-03-06,222-2026/10,12,1000060460,0.23,M,26MKIM10150003D7B3,0.9339
PA2602067-0003,182485422XL-3,5,2026-03-06,222-2026/10,12,1000060460,0.57,M,26MKIM10150003D7B3,0.9339
PA2602067-0001,182485422XL-1,2,2026-03-06,222-2026/10,12,1000192203,0.1,M,26MKIM10150003D7B3,0.9854
PA2602067-0002,182485422XL-2,2,2026-03-06,222-2026/10,12,1000192203,0.1,M,26MKIM10150003D7B3,0.9854
PA2602067-0003,182485422XL-3,5,2026-03-06,222-2026/10,12,1000192203,0.25,M,26MKIM10150003D7B3,0.9854
PA2602067-0001,182485422XL-1,2,2026-03-06,222-2026/10,12,1500010203,1.65,M,26MKIM10150003D7B3,0.9121
PA2602067-0002,182485422XL-2,2,2026-03-06,222-2026/10,12,1500010203,1.67,M,26MKIM10150003D7B3,0.9121
PA2602067-0003,182485422XL-3,5,2026-03-06,222-2026/10,12,1500010203,4.22,M,26MKIM10150003D7B3,0.9121
PA2602067-0001,182485422XL-1,2,2026-03-06,222-2026/10,12,25000314525,0.17,M,26MKIM10150003D7B3,0.9134
PA2602067-0002,182485422XL-2,2,2026-03-06,222-2026/10,12,25000314525,0.17,M,26MKIM10150003D7B3,0.9134
PA2602067-0003,182485422XL-3,5,2026-03-06,222-2026/10,12,25000314525,0.42,M,26MKIM10150003D7B3,0.9134
PA2602067-0001,182485422XL-1,2,2026-03-06,222-2026/10,12,3000013451,1.32,M,26MKIM10150003D7B3,0.9388
PA2602067-0002,182485422XL-2,2,2026-03-06,222-2026/10,12,3000013451,1.32,M,26MKIM10150003D7B3,0.9388
PA2602067-0003,182485422XL-3,5,2026-03-06,222-2026/10,12,3000013451,3.3,M,26MKIM10150003D7B3,0.9388
PA2602067-0001,182485422XL-1,2,2026-03-06,222-2026/10,12,3000126451,2.61,M,26MKIM10150003D7B3,0.9083
PA2602067-0002,182485422XL-2,2,2026-03-06,222-2026/10,12,3000126451,2.71,M,26MKIM10150003D7B3,0.9083
PA2602067-0003,182485422XL-3,5,2026-03-06,222-2026/10,12,3000126451,7.04,M,26MKIM10150003D7B3,0.9083
PA2602067-0001,182485422XL-1,2,2026-03-06,222-2026/10,12,320001000022,40.12,M,26MKIM10150003D7B3,
PA2602067-0002,182485422XL-2,2,2026-03-06,222-2026/10,12,320001000022,40.12,M,26MKIM10150003D7B3,
PA2602067-0003,182485422XL-3,5,2026-03-06,222-2026/10,12,320001000022,100.3,M,26MKIM10150003D7B3,
PA2602067-0001,182485422XL-1,2,2026-03-06,222-2026/10,12,3500010004,2.98,M,26MKIM10150003D7B3,0.8797
PA2602067-0002,182485422XL-2,2,2026-03-06,222-2026/10,12,3500010004,3.09,M,26MKIM10150003D7B3,0.8797
PA2602067-0003,182485422XL-3,5,2026-03-06,222-2026/10,12,3500010004,7.94,M,26MKIM10150003D7B3,0.8797
PA2602067-0001,182485422XL-1,2,2026-03-06,222-2026/10,12,3500026004,1.23,M,26MKIM10150003D7B3,0.8228
PA2602067-0002,182485422XL-2,2,2026-03-06,222-2026/10,12,3500026004,1.25,M,26MKIM10150003D7B3,0.8228
PA2602067-0003,182485422XL-3,5,2026-03-06,222-2026/10,12,3500026004,3.19,M,26MKIM10150003D7B3,0.8228
PA2602067-0001,182485422XL-1,2,2026-03-06,222-2026/10,12,4000010451,1.08,M,26MKIM10150003D7B3,0.9292
PA2602067-0002,182485422XL-2,2,2026-03-06,222-2026/10,12,4000010451,1.1,M,26MKIM10150003D7B3,0.9292
PA2602067-0003,182485422XL-3,5,2026-03-06,222-2026/10,12,4000010451,2.75,M,26MKIM10150003D7B3,0.9292
PA2602067-0001,182485422XL-1,2,2026-03-06,222-2026/10,12,50000100555,0.32,M,26MKIM10150003D7B3,
PA2602067-0002,182485422XL-2,2,2026-03-06,222-2026/10,12,50000100555,0.32,M,26MKIM10150003D7B3,
PA2602067-0003,182485422XL-3,5,2026-03-06,222-2026/10,12,50000100555,0.8,M,26MKIM10150003D7B3,
PA2602067-0001,182485422XL-1,2,2026-03-06,222-2026/10,12,5000038530950,3.52,M,26MKIM10150003D7B3,
PA2602067-0002,182485422XL-2,2,2026-03-06,222-2026/10,12,5000038530950,3.52,M,26MKIM10150003D7B3,
PA2602067-0003,182485422XL-3,5,2026-03-06,222-2026/10,12,5000038530950,8.8,M,26MKIM10150003D7B3,
PA2602067-0001,182485422XL-1,2,2026-03-06,222-2026/10,12,5000038530953,1.02,M,26MKIM10150003D7B3,
PA2602067-0002,182485422XL-2,2,2026-03-06,222-2026/10,12,5000038530953,1.02,M,26MKIM10150003D7B3,
PA2602067-0003,182485422XL-3,5,2026-03-06,222-2026/10,12,5000038530953,2.55,M,26MKIM10150003D7B3,
PA2602067-0001,182485422XL-1,2,2026-03-06,222-2026/10,12,5000038530956,9.74,M,26MKIM10150003D7B3,
PA2602067-0002,182485422XL-2,2,2026-03-06,222-2026/10,12,5000038530956,10.18,M,26MKIM10150003D7B3,
PA2602067-0003,182485422XL-3,5,2026-03-06,222-2026/10,12,5000038530956,26.6,M,26MKIM10150003D7B3,
PA2602067-0001,182485422XL-1,2,2026-03-06,222-2026/10,12,5600013004,600,M,26MKIM10150003D7B3,
PA2602067-0002,182485422XL-2,2,2026-03-06,222-2026/10,12,5600013004,600,M,26MKIM10150003D7B3,
PA2602067-0003,182485422XL-3,5,2026-03-06,222-2026/10,12,5600013004,1500,M,26MKIM10150003D7B3,
PA2602067-0001,182485422XL-1,2,2026-03-06,222-2026/10,12,5600013010,600,M,26MKIM10150003D7B3,
PA2602067-0002,182485422XL-2,2,2026-03-06,222-2026/10,12,5600013010,600,M,26MKIM10150003D7B3,
PA2602067-0003,182485422XL-3,5,2026-03-06,222-2026/10,12,5600013010,1500,M,26MKIM10150003D7B3,
PA2602067-0001,182485422XL-1,2,2026-03-06,222-2026/10,12,5600013153,40,M,26MKIM10150003D7B3,
PA2602067-0002,182485422XL-2,2,2026-03-06,222-2026/10,12,5600013153,40,M,26MKIM10150003D7B3,
PA2602067-0003,182485422XL-3,5,2026-03-06,222-2026/10,12,5600013153,100,M,26MKIM10150003D7B3,
PA2602067-0001,182485422XL-1,2,2026-03-06,222-2026/10,12,5600013460,1000,M,26MKIM10150003D7B3,
PA2602067-0001,182485422XL-1,2,2026-03-06,222-2026/10,12,5600013460,1000,M,26MKIM10150003D7B3,
PA2602067-0002,182485422XL-2,2,2026-03-06,222-2026/10,12,5600013460,1000,M,26MKIM10150003D7B3,
PA2602067-0002,182485422XL-2,2,2026-03-06,222-2026/10,12,5600013460,1000,M,26MKIM10150003D7B3,
PA2602067-0003,182485422XL-3,5,2026-03-06,222-2026/10,12,5600013460,2500,M,26MKIM10150003D7B3,
PA2602067-0003,182485422XL-3,5,2026-03-06,222-2026/10,12,5600013460,2500,M,26MKIM10150003D7B3,
PA2602067-0001,182485422XL-1,2,2026-03-06,222-2026/10,12,600001300425,0.6,M,26MKIM10150003D7B3,
PA2602067-0002,182485422XL-2,2,2026-03-06,222-2026/10,12,600001300425,0.6,M,26MKIM10150003D7B3,
PA2602067-0003,182485422XL-3,5,2026-03-06,222-2026/10,12,600001300425,1.5,M,26MKIM10150003D7B3,
PA2602067-0001,182485422XL-1,2,2026-03-06,222-2026/10,12,600001346020,3.56,M,26MKIM10150003D7B3,
PA2602067-0002,182485422XL-2,2,2026-03-06,222-2026/10,12,600001346020,3.56,M,26MKIM10150003D7B3,
PA2602067-0003,182485422XL-3,5,2026-03-06,222-2026/10,12,600001346020,8.9,M,26MKIM10150003D7B3,
PA2602067-0001,182485422XL-1,2,2026-03-06,222-2026/10,12,600001346025,1.54,M,26MKIM10150003D7B3,
PA2602067-0002,182485422XL-2,2,2026-03-06,222-2026/10,12,600001346025,1.54,M,26MKIM10150003D7B3,
PA2602067-0003,182485422XL-3,5,2026-03-06,222-2026/10,12,600001346025,3.85,M,26MKIM10150003D7B3,
PA2602067-0001,182485422XL-1,2,2026-03-06,222-2026/10,12,600001346038,0.5,M,26MKIM10150003D7B3,
PA2602067-0002,182485422XL-2,2,2026-03-06,222-2026/10,12,600001346038,0.5,M,26MKIM10150003D7B3,
PA2602067-0003,182485422XL-3,5,2026-03-06,222-2026/10,12,600001346038,1.25,M,26MKIM10150003D7B3,
PA2602067-0001,182485422XL-1,2,2026-03-06,222-2026/10,12,600002046020,3.78,M,26MKIM10150003D7B3,
PA2602067-0002,182485422XL-2,2,2026-03-06,222-2026/10,12,600002046020,3.78,M,26MKIM10150003D7B3,
PA2602067-0003,182485422XL-3,5,2026-03-06,222-2026/10,12,600002046020,9.45,M,26MKIM10150003D7B3,
PA2602067-0001,182485422XL-1,2,2026-03-06,222-2026/10,12,600002046025,0.74,M,26MKIM10150003D7B3,
PA2602067-0002,182485422XL-2,2,2026-03-06,222-2026/10,12,600002046025,0.74,M,26MKIM10150003D7B3,
PA2602067-0003,182485422XL-3,5,2026-03-06,222-2026/10,12,600002046025,1.85,M,26MKIM10150003D7B3,
PA2602067-0001,182485422XL-1,2,2026-03-06,222-2026/10,12,600002046038,0.24,M,26MKIM10150003D7B3,
PA2602067-0002,182485422XL-2,2,2026-03-06,222-2026/10,12,600002046038,0.24,M,26MKIM10150003D7B3,
PA2602067-0003,182485422XL-3,5,2026-03-06,222-2026/10,12,600002046038,0.6,M,26MKIM10150003D7B3,
PA2602067-0001,182485422XL-1,2,2026-03-06,222-2026/10,12,650002050031,2,STK,26MKIM10150003D7B3,
PA2602067-0002,182485422XL-2,2,2026-03-06,222-2026/10,12,650002050031,2,STK,26MKIM10150003D7B3,
PA2602067-0003,182485422XL-3,5,2026-03-06,222-2026/10,12,650002050031,5,STK,26MKIM10150003D7B3,
PA2602067-0001,182485422XL-1,2,2026-03-06,222-2026/10,12,650002050056,2,STK,26MKIM10150003D7B3,
PA2602067-0002,182485422XL-2,2,2026-03-06,222-2026/10,12,650002050056,2,STK,26MKIM10150003D7B3,
PA2602067-0003,182485422XL-3,5,2026-03-06,222-2026/10,12,650002050056,5,STK,26MKIM10150003D7B3,
PA2602067-0001,182485422XL-1,2,2026-03-06,222-2026/10,12,650002281255,2,STK,26MKIM10150003D7B3,
PA2602067-0002,182485422XL-2,2,2026-03-06,222-2026/10,12,650002281255,2,STK,26MKIM10150003D7B3,
PA2602067-0003,182485422XL-3,5,2026-03-06,222-2026/10,12,650002281260,5,STK,26MKIM10150003D7B3,
PA2602067-0001,182485422XL-1,2,2026-03-06,222-2026/10,12,650009050018,2,STK,26MKIM10150003D7B3,
PA2602067-0002,182485422XL-2,2,2026-03-06,222-2026/10,12,650009050018,2,STK,26MKIM10150003D7B3,
PA2602067-0003,182485422XL-3,5,2026-03-06,222-2026/10,12,650009050018,5,STK,26MKIM10150003D7B3,
PA2602067-0001,182485422XL-1,2,2026-03-06,222-2026/10,12,700001146040,0.59,M,26MKIM10150003D7B3,
PA2602067-0002,182485422XL-2,2,2026-03-06,222-2026/10,12,700001146040,0.59,M,26MKIM10150003D7B3,
PA2602067-0003,182485422XL-3,5,2026-03-06,222-2026/10,12,700001146040,1.48,M,26MKIM10150003D7B3,
PA2602067-0001,182485422XL-1,2,2026-03-06,222-2026/10,12,700002546040,3.62,M,26MKIM10150003D7B3,
PA2602067-0002,182485422XL-2,2,2026-03-06,222-2026/10,12,700002546040,3.62,M,26MKIM10150003D7B3,
PA2602067-0003,182485422XL-3,5,2026-03-06,222-2026/10,12,700002546040,9.05,M,26MKIM10150003D7B3,
PA2602067-0001,182485422XL-1,2,2026-03-06,222-2026/10,12,700003046018,2.08,M,26MKIM10150003D7B3,
PA2602067-0002,182485422XL-2,2,2026-03-06,222-2026/10,12,700003046018,2.08,M,26MKIM10150003D7B3,
PA2602067-0003,182485422XL-3,5,2026-03-06,222-2026/10,12,700003046018,5.2,M,26MKIM10150003D7B3,
PA2602067-0001,182485422XL-1,2,2026-03-06,222-2026/10,12,700003246028,3.08,M,26MKIM10150003D7B3,
PA2602067-0002,182485422XL-2,2,2026-03-06,222-2026/10,12,700003246028,3.08,M,26MKIM10150003D7B3,
PA2602067-0003,182485422XL-3,5,2026-03-06,222-2026/10,12,700003246028,7.7,M,26MKIM10150003D7B3,
PA2602067-0001,182485422XL-1,2,2026-03-06,222-2026/10,12,700005515120,2.69,M,26MKIM10150003D7B3,
PA2602067-0002,182485422XL-2,2,2026-03-06,222-2026/10,12,700005515120,2.69,M,26MKIM10150003D7B3,
PA2602067-0003,182485422XL-3,5,2026-03-06,222-2026/10,12,700005515120,7.24,M,26MKIM10150003D7B3,
PA2602067-0001,182485422XL-1,2,2026-03-06,222-2026/10,12,73000104603,1.24,M,26MKIM10150003D7B3,
PA2602067-0002,182485422XL-2,2,2026-03-06,222-2026/10,12,73000104603,1.24,M,26MKIM10150003D7B3,
PA2602067-0003,182485422XL-3,5,2026-03-06,222-2026/10,12,73000104603,3.1,M,26MKIM10150003D7B3,
PA2602067-0001,182485422XL-1,2,2026-03-06,222-2026/10,12,7300014460100,0.44,M,26MKIM10150003D7B3,
PA2602067-0002,182485422XL-2,2,2026-03-06,222-2026/10,12,7300014460100,0.44,M,26MKIM10150003D7B3,
PA2602067-0003,182485422XL-3,5,2026-03-06,222-2026/10,12,7300014460100,1.1,M,26MKIM10150003D7B3,
PA2602067-0001,182485422XL-1,2,2026-03-06,222-2026/10,12,730001446015,0.34,M,26MKIM10150003D7B3,
PA2602067-0002,182485422XL-2,2,2026-03-06,222-2026/10,12,730001446015,0.34,M,26MKIM10150003D7B3,
PA2602067-0003,182485422XL-3,5,2026-03-06,222-2026/10,12,730001446015,0.85,M,26MKIM10150003D7B3,
PA2602067-0001,182485422XL-1,2,2026-03-06,222-2026/10,12,730001446025,1.18,M,26MKIM10150003D7B3,
PA2602067-0002,182485422XL-2,2,2026-03-06,222-2026/10,12,730001446025,1.18,M,26MKIM10150003D7B3,
PA2602067-0003,182485422XL-3,5,2026-03-06,222-2026/10,12,730001446025,2.95,M,26MKIM10150003D7B3,
PA2602067-0001,182485422XL-1,2,2026-03-06,222-2026/10,12,"750001540812,7",16.48,STK,26MKIM10150003D7B3,
PA2602067-0002,182485422XL-2,2,2026-03-06,222-2026/10,12,"750001540812,7",16.48,STK,26MKIM10150003D7B3,
PA2602067-0003,182485422XL-3,5,2026-03-06,222-2026/10,12,"750001540812,7",41.2,STK,26MKIM10150003D7B3,
PA2602067-0001,182485422XL-1,2,2026-03-06,222-2026/10,12,"750001640811,4",8.24,STK,26MKIM10150003D7B3,
PA2602067-0002,182485422XL-2,2,2026-03-06,222-2026/10,12,"750001640811,4",8.24,STK,26MKIM10150003D7B3,
PA2602067-0003,182485422XL-3,5,2026-03-06,222-2026/10,12,"750001640811,4",20.6,STK,26MKIM10150003D7B3,
PA2602067-0001,182485422XL-1,2,2026-03-06,222-2026/10,12,"750002040810,5",8.24,STK,26MKIM10150003D7B3,
PA2602067-0002,182485422XL-2,2,2026-03-06,222-2026/10,12,"750002040810,5",8.24,STK,26MKIM10150003D7B3,
PA2602067-0003,182485422XL-3,5,2026-03-06,222-2026/10,12,"750002040810,5",20.6,STK,26MKIM10150003D7B3,
PA2602067-0001,182485422XL-1,2,2026-03-06,222-2026/10,12,750005046030,4,STK,26MKIM10150003D7B3,
PA2602067-0002,182485422XL-2,2,2026-03-06,222-2026/10,12,750005046030,4,STK,26MKIM10150003D7B3,
PA2602067-0003,182485422XL-3,5,2026-03-06,222-2026/10,12,750005046030,10,STK,26MKIM10150003D7B3,
PA2602067-0001,182485422XL-1,2,2026-03-06,222-2026/10,12,750006850060,4,STK,26MKIM10150003D7B3,
PA2602067-0002,182485422XL-2,2,2026-03-06,222-2026/10,12,750006850060,4,STK,26MKIM10150003D7B3,
PA2602067-0003,182485422XL-3,5,2026-03-06,222-2026/10,12,750006850060,10,STK,26MKIM10150003D7B3,
PA2602067-0001,182485422XL-1,2,2026-03-06,222-2026/10,12,750007040139,4,STK,26MKIM10150003D7B3,
PA2602067-0002,182485422XL-2,2,2026-03-06,222-2026/10,12,750007040139,4,STK,26MKIM10150003D7B3,
PA2602067-0003,182485422XL-3,5,2026-03-06,222-2026/10,12,750007040139,10,STK,26MKIM10150003D7B3,
PA2602067-0001,182485422XL-1,2,2026-03-06,222-2026/10,12,75000844058,8.24,STK,26MKIM10150003D7B3,
PA2602067-0002,182485422XL-2,2,2026-03-06,222-2026/10,12,75000844058,8.24,STK,26MKIM10150003D7B3,
PA2602067-0003,182485422XL-3,5,2026-03-06,222-2026/10,12,75000844058,20.6,STK,26MKIM10150003D7B3,
PA2602067-0001,182485422XL-1,2,2026-03-06,222-2026/10,12,750008720418,4,STK,26MKIM10150003D7B3,
PA2602067-0002,182485422XL-2,2,2026-03-06,222-2026/10,12,750008720418,4,STK,26MKIM10150003D7B3,
PA2602067-0003,182485422XL-3,5,2026-03-06,222-2026/10,12,750008720418,10,STK,26MKIM10150003D7B3,
PA2602067-0001,182485422XL-1,2,2026-03-06,222-2026/10,12,7500153460,4,STK,26MKIM10150003D7B3,
PA2602067-0002,182485422XL-2,2,2026-03-06,222-2026/10,12,7500153460,4,STK,26MKIM10150003D7B3,
PA2602067-0003,182485422XL-3,5,2026-03-06,222-2026/10,12,7500153460,10,STK,26MKIM10150003D7B3,
PA2602067-0001,182485422XL-1,2,2026-03-06,222-2026/10,12,7500154460,2,STK,26MKIM10150003D7B3,
PA2602067-0002,182485422XL-2,2,2026-03-06,222-2026/10,12,7500154460,2,STK,26MKIM10150003D7B3,
PA2602067-0003,182485422XL-3,5,2026-03-06,222-2026/10,12,7500154460,5,STK,26MKIM10150003D7B3,
PA2602067-0001,182485422XL-1,2,2026-03-06,222-2026/10,12,88000284525,0.34,M,26MKIM10150003D7B3,
PA2602067-0002,182485422XL-2,2,2026-03-06,222-2026/10,12,88000284525,0.34,M,26MKIM10150003D7B3,
PA2602067-0003,182485422XL-3,5,2026-03-06,222-2026/10,12,88000284525,0.86,M,26MKIM10150003D7B3,
PA2602067-0001,182485422XL-1,2,2026-03-06,222-2026/10,12,88000312032XL,2,STK,26MKIM10150003D7B3,
PA2602067-0002,182485422XL-2,2,2026-03-06,222-2026/10,12,88000312032XL,2,STK,26MKIM10150003D7B3,
PA2602067-0003,182485422XL-3,5,2026-03-06,222-2026/10,12,88000312032XL,5,STK,26MKIM10150003D7B3,
PA2602067-0001,182485422XL-1,2,2026-03-06,222-2026/10,12,8800041532F016,2,STK,26MKIM10150003D7B3,
PA2602067-0002,182485422XL-2,2,2026-03-06,222-2026/10,12,8800041532F016,2,STK,26MKIM10150003D7B3,
PA2602067-0003,182485422XL-3,5,2026-03-06,222-2026/10,12,8800041532F016,5,STK,26MKIM10150003D7B3,
PA2602067-0001,182485422XL-1,2,2026-03-06,222-2026/10,12,8800044203,2,STK,26MKIM10150003D7B3,
PA2602067-0002,182485422XL-2,2,2026-03-06,222-2026/10,12,8800044203,2,STK,26MKIM10150003D7B3,
PA2602067-0003,182485422XL-3,5,2026-03-06,222-2026/10,12,8800044203,5,STK,26MKIM10150003D7B3,
PA2602067-0001,182485422XL-1,2,2026-03-06,222-2026/10,12,88000562033,4,STK,26MKIM10150003D7B3,
PA2602067-0002,182485422XL-2,2,2026-03-06,222-2026/10,12,88000562033,4,STK,26MKIM10150003D7B3,
PA2602067-0003,182485422XL-3,5,2026-03-06,222-2026/10,12,88000562033,10,STK,26MKIM10150003D7B3,
PA2602067-0001,182485422XL-1,2,2026-03-06,222-2026/10,12,8800059460,2,STK,26MKIM10150003D7B3,
PA2602067-0002,182485422XL-2,2,2026-03-06,222-2026/10,12,8800059460,2,STK,26MKIM10150003D7B3,
PA2602067-0003,182485422XL-3,5,2026-03-06,222-2026/10,12,8800059460,5,STK,26MKIM10150003D7B3,
PA2602067-0001,182485422XL-1,2,2026-03-06,222-2026/10,12,9100603470,2,STK,26MKIM10150003D7B3,
PA2602067-0002,182485422XL-2,2,2026-03-06,222-2026/10,12,9100603470,2,STK,26MKIM10150003D7B3,
PA2602067-0003,182485422XL-3,5,2026-03-06,222-2026/10,12,9100603470,5,STK,26MKIM10150003D7B3,
PA2602067-0001,182485422XL-1,2,2026-03-06,222-2026/10,12,910060447095,2,STK,26MKIM10150003D7B3,
PA2602067-0002,182485422XL-2,2,2026-03-06,222-2026/10,12,910060447095,2,STK,26MKIM10150003D7B3,
PA2602067-0003,182485422XL-3,5,2026-03-06,222-2026/10,12,910060447095,5,STK,26MKIM10150003D7B3,
PA2602067-0001,182485422XL-1,2,2026-03-06,222-2026/10,12,910060547040,2,STK,26MKIM10150003D7B3,
PA2602067-0002,182485422XL-2,2,2026-03-06,222-2026/10,12,910060547040,2,STK,26MKIM10150003D7B3,
PA2602067-0003,182485422XL-3,5,2026-03-06,222-2026/10,12,910060547040,5,STK,26MKIM10150003D7B3,
PA2602067-0001,182485422XL-1,2,2026-03-06,222-2026/10,12,920000553220,2.06,STK,26MKIM10150003D7B3,
PA2602067-0002,182485422XL-2,2,2026-03-06,222-2026/10,12,920000553220,2.06,STK,26MKIM10150003D7B3,
PA2602067-0003,182485422XL-3,5,2026-03-06,222-2026/10,12,920000553220,5.15,STK,26MKIM10150003D7B3,
PA2602067-0001,182485422XL-1,2,2026-03-06,222-2026/10,12,9200009532F018,2,STK,26MKIM10150003D7B3,
PA2602067-0002,182485422XL-2,2,2026-03-06,222-2026/10,12,9200009532F018,2,STK,26MKIM10150003D7B3,
PA2602067-0003,182485422XL-3,5,2026-03-06,222-2026/10,12,9200009532F018,5,STK,26MKIM10150003D7B3,
PA2602067-0001,182485422XL-1,2,2026-03-06,222-2026/10,12,920001253218,3.81,M,26MKIM10150003D7B3,
PA2602067-0002,182485422XL-2,2,2026-03-06,222-2026/10,12,920001253218,3.81,M,26MKIM10150003D7B3,
PA2602067-0003,182485422XL-3,5,2026-03-06,222-2026/10,12,920001253218,9.54,M,26MKIM10150003D7B3,
PA2602067-0001,182485422XL-1,2,2026-03-06,222-2026/10,12,9200070532F075,2,STK,26MKIM10150003D7B3,
PA2602067-0002,182485422XL-2,2,2026-03-06,222-2026/10,12,9200070532F075,2,STK,26MKIM10150003D7B3,
PA2602067-0003,182485422XL-3,5,2026-03-06,222-2026/10,12,9200070532F075,5,STK,26MKIM10150003D7B3,
PA2602067-0001,182485422XL-1,2,2026-03-06,222-2026/10,12,9200071532F076,2,STK,26MKIM10150003D7B3,
PA2602067-0002,182485422XL-2,2,2026-03-06,222-2026/10,12,9200071532F076,2,STK,26MKIM10150003D7B3,
PA2602067-0003,182485422XL-3,5,2026-03-06,222-2026/10,12,9200071532F076,5,STK,26MKIM10150003D7B3,
PA2602067-0001,182485422XL-1,2,2026-03-06,222-2026/10,12,9300001532F036,2,STK,26MKIM10150003D7B3,
PA2602067-0002,182485422XL-2,2,2026-03-06,222-2026/10,12,9300001532F036,2,STK,26MKIM10150003D7B3,
PA2602067-0003,182485422XL-3,5,2026-03-06,222-2026/10,12,9300001532F036,5,STK,26MKIM10150003D7B3,
PA2602067-0001,182485422XL-1,2,2026-03-06,222-2026/10,12,9300002532F036,2,STK,26MKIM10150003D7B3,
PA2602067-0002,182485422XL-2,2,2026-03-06,222-2026/10,12,9300002532F036,2,STK,26MKIM10150003D7B3,
PA2602067-0003,182485422XL-3,5,2026-03-06,222-2026/10,12,9300002532F036,5,STK,26MKIM10150003D7B3,
PA2602067-0001,182485422XL-1,2,2026-03-06,222-2026/10,12,9300016532,2,STK,26MKIM10150003D7B3,
PA2602067-0002,182485422XL-2,2,2026-03-06,222-2026/10,12,9300016532,2,STK,26MKIM10150003D7B3,
PA2602067-0003,182485422XL-3,5,2026-03-06,222-2026/10,12,9300016532,5,STK,26MKIM10150003D7B3,
PA2602067-0001,182485422XL-1,2,2026-03-06,222-2026/10,12,9400020450F012,2,STK,26MKIM10150003D7B3,
PA2602067-0002,182485422XL-2,2,2026-03-06,222-2026/10,12,9400020450F012,2,STK,26MKIM10150003D7B3,
PA2602067-0003,182485422XL-3,5,2026-03-06,222-2026/10,12,9400020450F012,5,STK,26MKIM10150003D7B3,
PA2602067-0001,182485422XL-1,2,2026-03-06,222-2026/10,12,940003040045,2,STK,26MKIM10150003D7B3,
PA2602067-0002,182485422XL-2,2,2026-03-06,222-2026/10,12,940003040045,2,STK,26MKIM10150003D7B3,
PA2602067-0003,182485422XL-3,5,2026-03-06,222-2026/10,12,940003040045,5,STK,26MKIM10150003D7B3,
